﻿<?xml version="1.0" encoding="utf-8" ?>
<Defs>

  <ThingDef Name="BodyPartBase" Abstract="True">
    <thingClass>ThingWithComps</thingClass>
    <category>Item</category>
    <useHitPoints>true</useHitPoints>
    <selectable>true</selectable>
    <statBases>
      <MaxHitPoints>50</MaxHitPoints>
      <Flammability>1.0</Flammability>
			<Beauty>-4</Beauty>
		</statBases>
    <altitudeLayer>Item</altitudeLayer>
    <tickerType>Never</tickerType>
    <alwaysHaulable>true</alwaysHaulable>
    <isBodyPartOrImplant>true</isBodyPartOrImplant>
    <tradeTags>
      <li>BodyPartOrImplant</li>
    </tradeTags>
    <comps>
      <li Class="CompProperties_Forbiddable"/>
    </comps>
    <pathCost>10</pathCost>
  </ThingDef>

  <ThingDef ParentName="BodyPartBase" Name="BodyPartNaturalBase" Abstract="True">
    <thingCategories>
      <li>BodyPartsNatural</li>
    </thingCategories>
		<statBases>
			<DeteriorationRate>4.0</DeteriorationRate>
		</statBases>
  </ThingDef>

  <ThingDef ParentName="BodyPartBase" Name="BodyPartArtificialBase" Abstract="True">
    <thingCategories>
      <li>BodyPartsArtificial</li>
    </thingCategories>
		<statBases>
			<DeteriorationRate>2.0</DeteriorationRate>
		</statBases>
  </ThingDef>

  <!-- natural -->

  <ThingDef ParentName="BodyPartNaturalBase">
    <defName>YTailn</defName>
    <label>Tail</label>
    <description>A Lysithean tail.</description>
    <graphicData>
      <texPath>Things/Item/BodyPart/Organ</texPath>
      <graphicClass>Graphic_Single</graphicClass>
    </graphicData>
    <statBases>
      <MarketValue>500</MarketValue>
      <Mass>3</Mass>
    </statBases>
  </ThingDef>

  <!-- artificial - simple prosthetics -->

  <ThingDef ParentName="BodyPartArtificialBase">
    <defName>YTailbasic</defName>
    <label>Simple Lysithean tail</label>
    <description>Simple prosthesis made to replace missing tail. Not very comfortable but quite efficient.</description>
    <graphicData>
      <texPath>Things/Item/BodyPart/ArtificialOrgan</texPath>
      <graphicClass>Graphic_Single</graphicClass>
    </graphicData>
    <statBases>
      <MarketValue>400</MarketValue>
      <Mass>8</Mass>
    </statBases>
    <techHediffsTags>
      <li>Simple</li>
    </techHediffsTags>
  </ThingDef>


    <ThingDef ParentName="BodyPartArtificialBase">
    <defName>YTailBionic</defName>
    <label>bionic Lysithean tail</label>
    <description>One of the most sophisticated tail replacements. Allows for better posture, increasing movement speed.</description>
    <graphicData>
      <texPath>Things/Item/BodyPart/ArtificialOrgan</texPath>
      <graphicClass>Graphic_Single</graphicClass>
    </graphicData>
    <statBases>
      <MarketValue>1075</MarketValue>
      <Mass>1</Mass>
    </statBases>
    <techHediffsTags>
      <li>Advanced</li>
    </techHediffsTags>
  </ThingDef>


  
</Defs>
