<?xml version="1.0" encoding="utf-8" ?>
<Defs>

  <PawnKindDef Name="Villager">
    <defName>LysitheanCitizen</defName>
    <label>Lysithean Citizen</label>
    <race>Alien_Lysithean</race>
    <combatPower>25</combatPower>
    <baseRecruitDifficulty>0.80</baseRecruitDifficulty>
    <backstoryCategory>Civil</backstoryCategory>
    <defaultFactionType>Lysithea</defaultFactionType>
    <itemQuality>Good</itemQuality>
    <backstoryCryptosleepCommonality>0.1</backstoryCryptosleepCommonality>
    <isFighter>false</isFighter>
    <gearHealthRange>
      <min>0.2</min>
      <max>2.0</max>
    </gearHealthRange>
    <apparelMoney>
      <min>300</min>
      <max>900</max>
    </apparelMoney>
    <apparelTags>
      <li>Spacer</li>
    </apparelTags>
    <apparelAllowHeadwearChance>0.4</apparelAllowHeadwearChance>
    <weaponMoney>
      <min>3000</min>
      <max>5000</max>
    </weaponMoney>
    <weaponTags>
      <li>Gun</li>
    </weaponTags>
    <techHediffsMoney>
      <min>2000</min>
      <max>3000</max>
    </techHediffsMoney>
    <techHediffsTags>
      <li>Advanced</li>
    </techHediffsTags>
    <techHediffsChance>0.01</techHediffsChance>
    <invNutrition>3</invNutrition>
    <inventoryOptions>
      <skipChance>0</skipChance>
      <subOptionsChooseOne>
        <li>
          <choiceChance>90</choiceChance>
          <thingDef>Silver</thingDef>
          <countRange>
            <min>25</min>
            <max>70</max>
          </countRange>
        </li>
        <li>
          <choiceChance>10</choiceChance>
          <thingDef>Silver</thingDef>
          <countRange>
            <min>700</min>
            <max>1000</max>
          </countRange>
        </li>
      </subOptionsChooseOne>
    </inventoryOptions>
  </PawnKindDef>
  


</Defs>
