﻿<?xml version="1.0" encoding="utf-8" ?>
<Defs>

  <PawnKindDef Abstract="True" Name="BaseLysitheanPawnKind">
    <race>Alien_Lysithean</race>
    <combatPower>45</combatPower>
    <baseRecruitDifficulty>0.80</baseRecruitDifficulty>
    <isFighter>false</isFighter>
    <apparelIgnoreSeasons>true</apparelIgnoreSeasons>
    <forceNormalGearQuality>true</forceNormalGearQuality>
  </PawnKindDef>

  <PawnKindDef ParentName="BaseLysitheanPawnKind">
    <defName>Lysithean</defName>
    <label>colonist</label>
    <defaultFactionType>PlayerColony</defaultFactionType>
    <backstoryCategory>Civil</backstoryCategory>
    <chemicalAddictionChance>0.03</chemicalAddictionChance>
    <apparelTags>
      <li>Spacer</li>
    </apparelTags>
    <apparelMoney>
      <min>1000</min>
      <max>2400</max>
    </apparelMoney>
    <backstoryCryptosleepCommonality>1</backstoryCryptosleepCommonality>
  </PawnKindDef>

  <PawnKindDef ParentName="BaseLysitheanPawnKind">
    <defName>Lysithean_tribe</defName>
    <label>member</label>
    <race>Alien_Lysithean</race>
    <defaultFactionType>PlayerTribe</defaultFactionType>
    <backstoryCategory>Tribal</backstoryCategory>
    <chemicalAddictionChance>0.03</chemicalAddictionChance>
    <apparelTags>
      <li>Tribal</li>
    </apparelTags>
    <apparelMoney>
      <min>200</min>
      <max>400</max>
    </apparelMoney>
    <backstoryCryptosleepCommonality>0</backstoryCryptosleepCommonality>
  </PawnKindDef>

<PawnKindDef ParentName="BaseLysitheanPawnKind">
    <defName>Lysith_slave</defName>
    <label>member</label>
    <race>Alien_Lysithean</race>
    <defaultFactionType>PlayerTribe</defaultFactionType>
    <backstoryCategory>Tribal</backstoryCategory>
    <chemicalAddictionChance>0.03</chemicalAddictionChance>
    <apparelTags>
      <li>Tribal</li>
    </apparelTags>
    <apparelMoney>
      <min>200</min>
      <max>400</max>
    </apparelMoney>
    <backstoryCryptosleepCommonality>0</backstoryCryptosleepCommonality>
  </PawnKindDef>

</Defs>
